{"_step":6,"reward_pearson":-0.02067379276026788,"p_coef":-0.047195630292409294,"atac":0.0171875,"_timestamp":1.7503105984350617e+09,"_runtime":94.337903049,"reward_atac":0.007528892206028105,"pred_hepg2":0.43804463744163513,"total_metric":-0.00035533081306710426,"_wandb":{"runtime":94},"log_lik":-254.7736358642578}